post_id,post_title,post_author,post_content,post_category,post_tags,post_type,post_status,geodir_video,post_address,post_city,post_region,post_country,post_zip,post_latitude,post_longitude,geodir_timing,geodir_contact,geodir_email,geodir_website,geodir_twitter,geodir_facebook,IMAGE,IMAGE,IMAGE,IMAGE,IMAGE
,CSV Zavino Pizzeria,1,test,"Attractions,Food Nightlife","Pizzeria, food, restaurant",gd_place,publish,,"10709, 680th Avenue",Zearing,Iowa,United States,50278,42.2000594,-93.35092711,10.00 am to 6 pm every day,7.90E+11,info@myplace.com,http://myplace.com,http://twitter.com/myplace,http://facebook.com/myplace,image1.jpg,image2.jpg,image3.jpg,image4.jpg,image5.jpg
,Test Gallery Pizzeria 2,1,test,Festival,"Pizzeria, food, restaurant",gd_place,publish,,"1, Our Children's Highway",Eclectic,Alabama,United States,36024,32.73648568,-85.96811461,10.00 am to 6 pm every day,7.90E+11,info@myplace.com,http://myplace.com,http://twitter.com/myplace,http://facebook.com/myplace,image2.jpg,image1.jpg,image3.jpg,image4.jpg,image5.jpg
,Test Hottel Pizzeria 2,1,test,"Food Nightlife,Hotels","Pizzeria, food, restaurant",gd_place,publish,,Stump Springs Road,Lakeshore,California,United States,93634,37.22072854,-119.2786615,10.00 am to 6 pm every day,7.90E+11,info@myplace.com,http://myplace.com,http://twitter.com/myplace,http://facebook.com/myplace,image3.jpg,image2.jpg,image1.jpg,image4.jpg,image5.jpg
